Year,Urban Land,Aggricultural Land,Land Conversion Rate,Urban Land Gap,Expected Population,Agricultural Scarcity Index,Populational Need of Kcal in Km2,Yield,Mean Household Size,Income per Capita,Transport Cost per km,Agricultural Rent,Scenario,Urban Expansion Adjustment Time,Urban Land Increase since 2025,Urban Land Growth Percent since 2025
2025,181700.0,1600400.0,0.0,0.0,451800000.0,0.19463321669582603,311491.0,1800000000.0,2.3,41650.0,0.47,30000.0,fast_calibrated_3y,3,0.0,0.0
2026,181700.0,1600400.0,1438.6507306655014,4315.952191996505,452080000.0,0.19475383931794832,311684.0444444445,1800000000.0,2.2874999999999996,42066.5,0.47,30000.0,fast_calibrated_3y,3,0.0,0.0
2027,183138.6507306655,1598961.3492693345,2376.628394982079,7129.885184946237,452360000.0,0.19351757935976063,309427.1298004184,1814251905.97247,2.2765625,42487.165,0.47,30003.718459495354,fast_calibrated_3y,3,1438.6507306655112,0.7917725540261378
2028,185515.2791256476,1596584.7208743524,2995.827977929924,8987.483933789772,452640000.0,0.19144123218292894,305652.14624862367,1837795830.6338227,2.2669921874999996,42913.71865855727,0.47,29968.582775674095,fast_calibrated_3y,3,3815.2791256475903,2.099768368545729
2029,188511.10710357752,1593588.8928964224,3411.6373489745115,10234.912046923535,452920000.0,0.18886977556159157,300980.7765387925,1867473818.3073168,2.2586181640625,43347.36128859364,0.47,29876.466227965997,fast_calibrated_3y,3,6811.107103577524,3.748545461517616
2030,191922.74445255203,1590177.2555474478,3698.470008324201,11095.410024972603,453200000.0,0.18602534650664382,295813.2749701979,1901270996.2278125,2.251290893554687,43788.95937920093,0.47,29723.502143897935,fast_calibrated_3y,3,10222.744452552026,5.626166457100723
2031,195621.21446087622,1586478.7855391237,3825.3567410018004,11476.070223005401,452960000.0,0.1828368943839316,290066.85415396484,1937909664.4445632,2.2448795318603514,44239.167171715475,0.47,29513.44505086608,fast_calibrated_3y,3,13921.214460876217,7.661648024697976
2032,199446.57120187802,1582653.4287981219,3926.031827334334,11778.095482003002,452720000.0,0.1796683118127581,284352.66973683174,1975805328.3620274,2.2392695903778073,44698.5060898214,0.47,29247.1082776187,fast_calibrated_3y,3,17746.571201878018,9.766962686779323
2033,203372.60302921236,1578727.3969707876,4012.966175206869,12038.898525620607,452480000.0,0.17654442120942068,278715.514545663,2014698323.8997366,2.2343608915805815,45167.31958277632,0.47,28936.360283134374,fast_calibrated_3y,3,21672.60302921236,11.927684661096505
2034,207385.56920441924,1574714.4307955806,4094.128034702871,12282.384104108613,452240000.0,0.17347737253086984,273177.3219408616,2054452529.2677739,2.2300657801330086,45645.9298558526,0.47,28591.461040557795,fast_calibrated_3y,3,25685.56920441924,14.136251625987484
2035,211479.69723912212,1570620.3027608776,4174.610699250789,12523.832097752369,452000000.0,0.17047188029869548,267746.5962469532,2095010759.6610882,2.2263075576163827,46134.65227191835,0.47,28220.993077738796,fast_calibrated_3y,3,29779.69723912212,16.389486647838257
2036,215654.30793837292,1566445.6920616268,4230.702621235367,12692.1078637061,451600000.0,0.16746908835429028,262331.23200606595,2136366286.676231,2.2230191129143346,46633.80495800819,0.47,27831.967752527496,fast_calibrated_3y,3,33954.30793837292,18.687015926457295
2037,219885.0105596083,1562214.9894403915,4299.31936507253,12897.95809521759,451200000.0,0.16454582572409782,257055.955396032,2178277484.9053097,2.220141723800043,47143.715340386356,0.47,27428.179779753737,fast_calibrated_3y,3,38185.01055960829,21.015415828072804
2038,224184.32992468082,1557915.670075319,4379.0715043565915,13137.214513069775,450800000.0,0.1616921413207142,251902.7206915736,2220868430.734317,2.2176240083250374,47664.689732868144,0.47,27015.03335619101,fast_calibrated_3y,3,42484.32992468082,23.381579485239847
2039,228563.40142903742,1553536.5985709624,4469.014825568127,13407.044476704381,450400000.0,0.15890018620546825,246857.25478993572,2264249436.281052,2.215421007284408,48197.060416778244,0.47,26596.545074948106,fast_calibrated_3y,3,46863.40142903742,25.791635348947395
2040,233032.41625460554,1549067.5837453944,4568.5307023826945,13705.592107148084,450000000.0,0.15616367235313122,241908.08260087244,2308521459.8695097,2.2134933813738566,48741.18507130406,0.47,26175.686249592818,fast_calibrated_3y,3,51332.416254605545,28.251192214972786
2041,237600.94695698825,1544499.0530430116,4658.583675957944,13975.751027873834,449500000.0,0.15344335519385532,236993.116792652,2353779331.439619,2.2118067087021247,49297.44675142885,0.47,25754.64008867428,fast_calibrated_3y,3,55900.94695698825,30.765518413312186
2042,242259.5306329462,1539840.4693670536,4763.047303091909,14289.141909275728,449000000.0,0.1507800711390197,232177.2555139058,2399929307.3159227,2.210330870114359,49866.254294231156,0.47,25333.943358242996,fast_calibrated_3y,3,60559.530632946204,33.32940596199572
2043,247022.5779360381,1535077.4220639616,4879.960445888923,14639.881337666768,448500000.0,0.14816639600244624,227446.88921194326,2447114145.761522,2.2090395113500643,50448.017468832295,0.47,24915.28434396916,fast_calibrated_3y,3,65322.57793603811,35.950785875640136
2044,251902.53838192704,1530197.4616180728,5008.102947845599,15024.308843536797,448000000.0,0.145596922946316,222792.04191185485,2495457177.1462216,2.2079095724313063,51043.17993721424,0.47,24499.784807406082,fast_calibrated_3y,3,70202.53838192704,38.636509841456814
2045,256910.64132977262,1525189.3586702272,5146.767929568935,15440.303788706806,447500000.0,0.14306763023109903,218205.22719863913,2545069644.4336305,2.206920875877393,51652.218252785555,0.47,24088.175480044967,fast_calibrated_3y,3,75210.64132977262,41.39275802409059
2046,262057.40925934157,1520042.5907406583,5295.608089706967,15886.824269120902,447000000.0,0.14057546437616664,213680.69306491947,2596055787.929635,2.206055766392719,52275.64182389066,0.47,23680.916968049976,fast_calibrated_3y,3,80357.40925934157,44.225321551646424
2047,267353.0173490485,1514746.9826509515,5454.5331570943235,16363.59947128297,446500000.0,0.13811806359676113,209213.92008278612,2648516407.420403,2.205298795593629,52913.993595578584,0.47,23278.283626048866,fast_calibrated_3y,3,85653.01734904852,47.13980041224464
2048,272807.55050614284,1509292.449493857,5623.642306686011,16870.92692005803,446000000.0,0.13569357258474143,204801.2845469969,2702551408.4262905,2.2046364461444257,53567.85128638989,0.47,22880.42213049754,fast_calibrated_3y,3,91107.55050614284,50.14174491257173
2049,278431.1928128289,1503668.8071871712,5803.180318942798,17409.540956828394,445500000.0,0.1333005169149672,200439.82926696204,2758261678.9383154,2.2040568903763726,54237.82907598962,0.47,22487.39262857793,fast_calibrated_3y,3,96731.19281282887,53.23675994101753
2050,284234.3731317717,1497865.6268682284,5993.509827161247,17980.52948148374,445000000.0,0.1309377165788006,196127.10492399958,2815750531.8502417,2.203549779079326,54924.579681061536,0.47,22099.197785614917,fast_calibrated_3y,3,102534.37313177169,56.43058510279124
2025,181700.0,1600400.0,0.0,0.0,451800000.0,0.19463321669582603,311491.0,1800000000.0,2.3,41650.0,0.47,30000.0,medium_fast_5y,5,0.0,0.0
2026,181700.0,1600400.0,863.1904383993009,4315.952191996505,452080000.0,0.19475383931794832,311684.0444444445,1800000000.0,2.2874999999999996,42066.5,0.47,30000.0,medium_fast_5y,5,0.0,0.0
2027,182563.1904383993,1599536.8095616007,1541.0690954424906,7705.345477212453,452360000.0,0.19405772849218136,310402.4799031551,1808551143.583482,2.2765625,42487.165,0.47,30003.718459495354,medium_fast_5y,5,863.1904383992951,0.4750635324156871
2028,184104.25953384177,1597995.7404661581,2078.795861785894,10393.979308929469,452640000.0,0.19273814720223684,307994.7382545138,1823817650.8580909,2.2669921874999996,42913.04585513436,0.47,29985.234069063492,medium_fast_5y,5,2404.259533841774,1.3232028254495098
2029,186183.05539562766,1595916.9446043721,2509.286845123209,12546.434225616045,452920000.0,0.19095246250985654,304744.2705334112,1844411115.6418805,2.2586181640625,43345.015446861915,0.47,29929.76754069968,medium_fast_5y,5,4483.055395627656,2.467284202326714
2030,188692.34224075088,1593407.657759249,2857.640677676513,14288.203388382564,453200000.0,0.18882649397217616,300877.5814830962,1869269213.171995,2.251290893554687,43783.81282492362,0.47,29830.346632232435,medium_fast_5y,5,6992.342240750877,3.848289620666412
2031,191549.98291842738,1590550.0170815724,3095.785368562868,15478.92684281434,452960000.0,0.18624499362031066,296231.9777841425,1897578256.7593243,2.2448795318603514,44230.07559279522,0.47,29685.272216452468,medium_fast_5y,5,9849.982918427384,5.4210142644069315
2032,194645.76828699026,1587454.2317130095,3293.987126674532,16469.93563337266,452720000.0,0.1835429490538722,291366.03117665474,1928246466.244262,2.2392695903778073,44684.36494225839,0.47,29489.632217687406,medium_fast_5y,5,12945.768286990264,7.124803680236802
2033,197939.7554136648,1584160.244586335,3462.565341994021,17312.826709970104,452480000.0,0.18076795792660272,286365.4124423793,1960878149.392386,2.2343608915805815,45147.126958070454,0.47,29249.82371012529,medium_fast_5y,5,16239.755413664796,8.93767496624369
2034,201402.32075565882,1580697.679244341,3609.5728420468804,18047.864210234402,452240000.0,0.17795487502141466,281292.8579565669,1995179842.3785677,2.2300657801330086,45618.77374497171,0.47,28972.431656217737,medium_fast_5y,5,19702.320755658817,10.843324576587122
2035,205011.8935977057,1577088.1064022942,3741.3081800317277,18706.540900158638,452000000.0,0.17512882141712457,276193.58134519856,2030937856.2238317,2.2263075576163827,46099.69444094656,0.47,28663.79850180958,medium_fast_5y,5,23311.893597705697,12.829880901323998
2036,208753.2017777374,1573346.7982222624,3846.5506559172472,19232.753279586235,451600000.0,0.17224654961705468,271003.55734482507,2068000898.1834192,2.2230191129143346,46590.26406481926,0.47,28329.772616472164,medium_fast_5y,5,27053.201777737413,14.888938787967753
2037,212599.75243365465,1569500.2475663451,3947.8942607979347,19739.471303989674,451200000.0,0.16939444008097465,265864.61564345215,2106106518.330095,2.220141723800043,47090.85068495627,0.47,27973.699495988105,medium_fast_5y,5,30899.75243365465,17.0059176850053
2038,216547.6466944526,1565552.3533055473,4047.8257039989867,20239.128519994934,450800000.0,0.1665777713259125,260786.22190767562,2145216092.7353585,2.2176240083250374,47601.800348329096,0.47,27600.918405980963,medium_fast_5y,5,34847.64669445259,19.178671818631045
2039,220595.4723984516,1561504.5276015482,4148.291663912591,20741.458319562953,450400000.0,0.16379956466852158,255773.76184905902,2185315631.905409,2.215421007284408,48123.46531715522,0.47,27215.863480928423,medium_fast_5y,5,38895.47239845159,21.406423994744948
2040,224743.76406236418,1557356.2359376356,4250.827056298702,21254.13528149351,450000000.0,0.16106126323312692,250829.76266410324,2226410430.997553,2.2134933813738566,48656.20753546054,0.47,26822.175167190424,medium_fast_5y,5,43043.76406236418,23.68946838875299
2041,228994.59111866288,1553105.408881337,4345.4981792600765,21727.490896300384,449500000.0,0.15832800635148325,245900.0830418873,2268520990.7187295,2.2118067087021247,49200.40159533154,0.47,26422.810309358625,medium_fast_5y,5,47294.59111866288,26.028943928818315
2042,233340.08929792297,1548759.9107020767,4446.208381404193,22231.04190702096,449000000.0,0.1556421016453263,241052.24744569912,2311569404.1621423,2.210330870114359,49756.43733600486,0.47,26019.059725794403,medium_fast_5y,5,51640.08929792297,28.420522453452367
2043,237786.29767932717,1544313.7023206726,4553.377945041563,22766.889725207817,448500000.0,0.15300101123940085,236281.55812592595,2355615497.0984526,2.2090395113500643,50324.706906590494,0.47,25613.2602973345,medium_fast_5y,5,56086.29767932717,30.867527616580716
2044,242339.67562436874,1539760.324375631,4667.370235759876,23336.851178799378,448000000.0,0.1504023322021174,231583.5438183837,2400723258.79947,2.2079095724313063,50905.62393966818,0.47,25207.203293022394,medium_fast_5y,5,60639.67562436874,33.373514377748336
2045,247007.04586012862,1535092.9541398713,4788.516930996923,23942.584654984617,447500000.0,0.1478438363388126,226954.03147671948,2446960278.1961,2.206920875877393,51499.6251576878,0.47,24802.24765240435,medium_fast_5y,5,65307.04586012862,35.94223767756115
2046,251795.56279112556,1530304.4372088744,4917.136420378787,24585.682101893937,447000000.0,0.14532348921967908,222389.18038355093,2494397429.9616175,2.206055766392719,52107.171997650825,0.47,24399.411838081614,medium_fast_5y,5,70095.56279112556,38.57763499786766
2047,256712.69921150434,1525387.3007884957,5053.547705431626,25267.73852715813,446500000.0,0.14283945593655115,217885.49213715302,2543108742.876763,2.205298795593629,52728.752290732155,0.47,23999.447904330304,medium_fast_5y,5,75012.69921150434,41.283819048709056
2048,261766.24691693595,1520333.753083064,5198.08125140369,25990.406257018447,446000000.0,0.14039009847260245,213439.80530655262,2593171405.8914948,2.2046364461444257,53364.882027051215,0.47,23602.900929462936,medium_fast_5y,5,80066.24691693595,44.06507810508309
2049,266964.3281683396,1515135.6718316602,5351.0877432149955,26755.438716074976,445500000.0,0.13797396793471634,209049.28060204638,2644665881.6896596,2.2040568903763726,54016.107232051254,0.47,23210.15648063279,medium_fast_5y,5,85264.32816833962,46.92588231609225
2050,272315.4159115546,1509784.5840884452,5512.945400367922,27564.72700183961,445000000.0,0.1355897938392943,204711.38049829696,2697676106.9939356,2.203549779079326,54683.005978929,0.47,22821.478346223008,medium_fast_5y,5,90615.41591155459,49.87089483299647
2025,181700.0,1600400.0,0.0,0.0,451800000.0,0.19463321669582603,311491.0,1800000000.0,2.3,41650.0,0.47,30000.0,medium_7y,7,0.0,0.0
2026,181700.0,1600400.0,616.5645988566436,4315.952191996505,452080000.0,0.19475383931794832,311684.0444444445,1800000000.0,2.2874999999999996,42066.5,0.47,30000.0,medium_7y,7,0.0,0.0
2027,182316.56459885664,1599783.4354011433,1135.995902393587,7951.971316755109,452360000.0,0.19429028020537423,310822.37193200435,1806107959.7024872,2.2765625,42487.165,0.47,30003.718459495354,medium_7y,7,616.5645988566393,0.33933109458264
2028,183452.56050125023,1598647.4394987498,1577.677149223671,11043.740044565697,452640000.0,0.19334398238575146,309088.86238347297,1817361634.0244927,2.2669921874999996,42912.75751081026,0.47,29992.40299070413,medium_7y,7,1752.5605012502347,0.9645352235829519
2029,185030.2376504739,1597069.7623495262,1955.9701390569721,13691.790973398805,452920000.0,0.1920034836806197,306642.95805208845,1832990796.7575839,2.2586181640625,43343.95462922638,0.47,29954.178889415347,medium_7y,7,3330.237650473893,1.8328220420879893
2030,186986.20778953086,1595113.7922104693,2282.359000155669,15976.513001089683,453200000.0,0.19034560815818605,303622.9048598122,1852367495.9887474,2.251290893554687,43781.36626329042,0.47,29882.275766712628,medium_7y,7,5286.207789530861,2.909305332708234
2031,189268.56678968653,1592831.4332103136,2532.346787714466,17726.42751400126,452960000.0,0.1882199894227776,299802.7155111129,1874977546.6232011,2.2448795318603514,44225.548594040476,0.47,29773.645583523867,medium_7y,7,7568.566789686534,4.165419256844549
2032,191800.913577401,1590299.0864225992,2751.2009742385085,19258.40681966956,452720000.0,0.18593211253723216,295687.6687045842,1900064086.0722163,2.2392695903778073,44677.01497756879,0.47,29621.214531396494,medium_7y,7,10100.913577400992,5.559115892900923
2033,194552.1145516395,1587547.8854483606,2944.987600261857,20614.913201833,452480000.0,0.18352312774142393,291351.7533767669,1927318691.210518,2.2343608915805815,45136.20336254493,0.47,29428.74081725282,medium_7y,7,12852.114551639504,7.073260622806554
2034,197497.10215190137,1584602.8978480988,3118.778624784106,21831.45037348874,452240000.0,0.1810264366066172,286855.0160339608,1956493031.7744763,2.2300657801330086,45603.52840266575,0.47,29200.49955391895,medium_7y,7,15797.102151901374,8.694057320804284
2035,200615.8807766855,1581484.1192233146,3276.8289799842046,22937.80285988943,452000000.0,0.17846887845991316,282245.6970599485,1987389022.5538461,2.2263075576163827,46079.38767119059,0.47,28940.940509071515,medium_7y,7,18915.880776685488,10.410501252991455
2036,203892.7097566697,1578207.2902433304,3411.187648775081,23878.313541425567,451600000.0,0.17580952235665318,277463.8698774678,2019850729.5652468,2.2230191129143346,46564.1670240569,0.47,28654.450878556447,medium_7y,7,22192.709756669705,12.213929420291535
2037,207303.8974054448,1574796.1025945554,3537.5751671115163,24763.026169780613,451200000.0,0.17313764112703753,272656.4824592735,2053643452.5580657,2.220141723800043,47058.24526677479,0.47,28343.27863202297,medium_7y,7,25603.89740544479,14.091302919892556
2038,210841.47257255632,1571258.5274274438,3658.342466528095,25608.397265696665,450800000.0,0.17046468591592742,267844.09137064184,2088688225.815087,2.2176240083250374,47561.98331888918,0.47,28011.97417791281,medium_7y,7,29141.47257255632,16.038234767504854
2039,214499.8150390844,1567600.1849609157,3775.469290414534,26428.28503290174,450400000.0,0.16779938217875412,263042.34253974236,2124929372.9793723,2.215421007284408,48075.74366480189,0.47,27664.530849882958,medium_7y,7,32799.81503908441,18.051631832187343
2040,218275.28432949894,1563824.715670501,3890.630046459281,27234.410325214965,450000000.0,0.16514829035468484,258262.97820738438,2162330829.901475,2.2134933813738566,48599.89338268469,0.47,27304.412296348797,medium_7y,7,36575.28432949894,20.129490550081975
2041,222165.91437595824,1559934.0856240417,3997.2980401081772,27981.08628075724,449500000.0,0.16248011714944796,253458.27297761128,2200873119.8498883,2.2118067087021247,49134.806871240624,0.47,26934.591676110747,medium_7y,7,40465.91437595824,22.270728880549395
2042,226163.2124160664,1555936.7875839334,4105.447617573368,28738.13332301358,449000000.0,0.15984042711235535,248701.60068724205,2240472109.790421,2.210330870114359,49680.868338074404,0.47,26556.482831101344,medium_7y,7,44463.21241606641,24.470672766134506
2043,230268.66003363978,1551831.33996636,4215.992750204833,29511.949251433834,448500000.0,0.15723068226057546,243995.5003362538,2281142476.9430466,2.2090395113500643,50238.46323504707,0.47,26172.62146302061,medium_7y,7,48568.66003363978,26.730137607947047
2044,234484.65278384462,1547615.3472161551,4329.7262372735,30308.083660914504,448000000.0,0.154651724393099,239341.382144203,2322907952.729335,2.2079095724313063,50807.99191917177,0.47,25785.081203146005,medium_7y,7,52784.65278384462,29.050441818296434
2045,238814.37902111813,1543285.6209788816,4447.346474204956,31131.425319434697,447500000.0,0.15210393913536452,234739.82216185506,2365800122.388622,2.206920875877393,51389.87156902111,0.47,25395.546906817905,medium_7y,7,57114.37902111813,31.433340132701225
2046,243261.7254953231,1538838.2745046767,4569.479228518475,31986.354599629325,447000000.0,0.1495873829499602,230190.79026638708,2409857489.77205,2.206055766392719,51984.53805033157,0.47,25005.378346066875,medium_7y,7,61561.7254953231,33.88097165400281
2047,247831.20472384157,1534268.7952761583,4696.695709032348,32876.86996322643,446500000.0,0.147101881190688,225693.82603729347,2455124757.8586392,2.205298795593629,52592.44776384137,0.47,24615.665079101713,medium_7y,7,66131.20472384157,36.39581988103553
2048,252527.90043287392,1529572.099567126,4829.527788314403,33806.69451820082,446000000.0,0.14464710343337306,221248.17369488766,2501652288.2728286,2.2046364461444257,53214.079504275556,0.47,24227.27336863357,medium_7y,7,70827.90043287392,38.98068268182384
2049,257357.42822118834,1524742.5717788115,4968.480991775898,34779.36694243128,445500000.0,0.14222262096830082,216852.88486033012,2549495711.602305,2.2040568903763726,53849.93635668639,0.47,23840.886038774326,medium_7y,7,75657.42822118834,41.63865064457255
2050,262325.90921296424,1519774.0907870356,5114.0457162645425,35798.3200138518,445000000.0,0.13982795031537965,212506.89605717087,2598715666.3915,2.203549779079326,54500.54765461268,0.47,23457.03613288697,medium_7y,7,80625.90921296424,44.37309257730557
2025,181700.0,1600400.0,0.0,0.0,451800000.0,0.19463321669582603,311491.0,1800000000.0,2.3,41650.0,0.47,30000.0,original_10y,10,0.0,0.0
2026,181700.0,1600400.0,431.59521919965044,4315.952191996505,452080000.0,0.19475383931794832,311684.0444444445,1800000000.0,2.2874999999999996,42066.5,0.47,30000.0,original_10y,10,0.0,0.0
2027,182131.59521919966,1599968.4047808005,813.6940696412087,8136.940696412086,452360000.0,0.19446511336352126,311138.03721375065,1804275571.7917411,2.2765625,42487.165,0.47,30003.718459495354,original_10y,10,431.5952191996621,0.23753176620784355
2028,182945.28928884087,1599154.7107111593,1154.9557792066335,11549.557792066335,452640000.0,0.193818586015433,309945.9048499557,1812336382.6082191,2.2669921874999996,42912.54125256718,0.47,29997.792610043984,original_10y,10,1245.2892888408678,0.6853545893455548
2029,184100.2450680475,1597999.7549319526,1461.6039671548265,14616.039671548264,452920000.0,0.19286109461764162,308191.9819348994,1823777881.7968373,2.2586181640625,43343.137180447244,0.47,29973.121292977205,original_10y,10,2400.2450680474867,1.32099343315768
2030,185561.84903520232,1596538.1509647977,1738.6796652002843,17386.796652002842,453200000.0,0.19163556548096516,305953.49137207353,1838257172.6106997,2.251290893554687,43779.431352231106,0.47,29923.86744622815,original_10y,10,3861.849035202322,2.125398478372209
2031,187300.52870040262,1594799.4712995975,1966.7023337997466,19667.023337997467,452960000.0,0.18996297806479603,302952.8569842338,1855481296.9770207,2.2448795318603514,44221.87810259242,0.47,29846.684718752265,original_10y,10,5600.528700402618,3.082294276501174
2032,189267.23103420236,1592832.7689657977,2174.5386711010824,21745.386711010826,452720000.0,0.1881214313183482,299645.9803486137,1874964314.0427306,2.2392695903778073,44670.91212570693,0.47,29733.37732503503,original_10y,10,7567.231034202356,4.164684113485051
2033,191441.76970530345,1590658.2302946968,2365.2775035732134,23652.775035732135,452480000.0,0.1861401305987425,296085.33072501945,1896506249.1444478,2.2343608915805815,45126.92325886724,0.47,29585.96165273891,original_10y,10,9741.76970530345,5.361458285802678
2034,193807.04720887667,1588292.9527911237,2541.619820967107,25416.19820967107,452240000.0,0.1840445673408086,292316.6893068977,1919937726.8903575,2.2300657801330086,45590.28979728686,0.47,29406.951131814407,original_10y,10,12107.04720887667,6.663207049464326
2035,196348.66702984378,1585751.3329701566,2705.939213244294,27059.39213244294,452000000.0,0.18185682145632082,288379.6970340765,1945116129.0793548,2.2263075576163827,46061.38157227795,0.47,29199.14233616182,original_10y,10,14648.667029843782,8.06200717107528
2036,199054.60624308808,1583045.3937569123,2852.2651712187594,28522.651712187595,451600000.0,0.17953227601226585,284207.74257191207,1971922351.3349395,2.2230191129143346,46540.562747428,0.47,28965.453187086885,original_10y,10,17354.606243088085,9.551241740829997
2037,201906.87141430684,1580193.1285856937,2990.9926783218107,29909.926783218107,451200000.0,0.17715851301549718,279944.6649375478,2000178142.7944536,2.220141723800043,47028.19438318002,0.47,28706.84260585149,original_10y,10,20206.871414306836,11.121007933025219
2038,204897.86409262865,1577202.1359073718,3123.6990912288747,31236.990912288747,450800000.0,0.1747484463865279,275613.62288732664,2029808229.8664362,2.2176240083250374,47524.62637315239,0.47,28426.777638812804,original_10y,10,23197.864092628646,12.7671238814687
2039,208021.56318385754,1574078.4368161429,3251.779184401079,32517.79184401079,450400000.0,0.17231292729006753,271234.0632319632,2060752964.9474049,2.215421007284408,48030.210276500235,0.47,28128.43002325957,original_10y,10,26321.563183857535,14.486275830411422
2040,211273.34236825863,1570826.6576317418,3376.471053951312,33764.71053951312,450000000.0,0.1698610294007004,266822.23307538923,2092966517.6822536,2.2134933813738566,48545.301322978135,0.47,27814.671660209322,original_10y,10,29573.34236825863,16.275917649014104
2041,214649.81342220993,1567450.1865777904,3493.325678383882,34933.25678383882,449500000.0,0.1673630711149462,262333.2770453544,2126415322.8397236,2.2118067087021247,49070.26030253689,0.47,27488.079786592534,original_10y,10,32949.81342220993,18.134184602206904
2042,218143.1391005938,1563956.8608994065,3609.213133632802,36092.13133632802,449000000.0,0.1648671827246007,257845.16155929537,2161021741.2276764,2.210330870114359,49605.455363502486,0.47,27149.801190784183,original_10y,10,36443.139100593806,20.05676340153759
2043,221752.3522342266,1560347.6477657736,3724.978654136151,37249.78654136151,448500000.0,0.16237794663550956,253366.04708175364,2196776191.643411,2.2090395113500643,50151.25616122007,0.47,26802.237026333187,original_10y,10,40052.35223422659,22.0431217579673
2044,225477.33088836275,1556622.6691116374,3841.3845197921823,38413.84519792182,448000000.0,0.1598990861677294,248902.54229892266,2233677466.147787,2.2079095724313063,50708.04323512611,0.47,26447.4494788885,original_10y,10,43777.33088836275,24.093192563765964
2045,229318.71540815494,1552781.2845918452,3959.124230030243,39591.24230030243,447500000.0,0.15743361038582743,244459.9637728372,2271731908.2811165,2.206920875877393,51276.20959998715,0.47,26087.203076556852,original_10y,10,47618.71540815494,26.20732823783982
2046,233277.8396381852,1548822.160361815,4078.8345302862085,40788.345302862086,447000000.0,0.15498393677608366,240042.55577891282,2310952731.6936336,2.206055766392719,51856.16231877598,0.47,25723.002202903728,original_10y,10,51577.83963818519,28.38626287186856
2047,237356.6741684714,1544743.3258315288,4201.105851202403,42011.05851202403,446500000.0,0.1525519949631426,235653.6760615995,2351359457.915511,2.205298795593629,52448.324074719094,0.47,25356.124889150615,original_10y,10,55656.67416847139,30.631080995306228
2048,241557.7800196738,1540542.2199803262,4326.49151457884,43264.9151457884,446000000.0,0.15013931416649937,231295.95235238256,2392977457.542173,2.2046364461444257,53053.13475860633,0.47,24987.65304522831,original_10y,10,59857.78001967381,32.94319208567629
2049,245884.27153425265,1536215.7284657473,4455.515948504666,44555.159485046664,445500000.0,0.1477470967323147,226971.41383533206,2435837582.617802,2.2040568903763726,53671.05308664739,0.47,24618.499340659484,original_10y,10,64184.27153425265,35.32431014543349
2050,250339.78748275733,1531760.2125172426,4588.682091413127,45886.82091413127,445000000.0,0.14537627977685944,222681.60120596833,2479975880.4015584,2.203549779079326,54302.5582637671,0.47,24249.430976045758,original_10y,10,68639.78748275733,37.77643780008659
2025,181700.0,1600400.0,0.0,0.0,451800000.0,0.19463321669582603,311491.0,1800000000.0,2.3,41650.0,0.47,30000.0,slow_15y,15,0.0,0.0
2026,181700.0,1600400.0,287.7301461331003,4315.952191996505,452080000.0,0.19475383931794832,311684.0444444445,1800000000.0,2.2874999999999996,42066.5,0.47,30000.0,slow_15y,15,0.0,0.0
2027,181987.7301461331,1600112.269853867,552.0537179652426,8280.80576947864,452360000.0,0.19460134401076865,311383.99828168424,1802850381.1944938,2.2765625,42487.165,0.47,30003.718459495354,slow_15y,15,287.73014613310806,0.15835451080523644
2028,182539.78386409834,1599560.2161359016,796.928859807027,11953.932897105406,452640000.0,0.1941999026725934,310634.43829254457,1808319267.7786293,2.2669921874999996,42912.37305171145,0.47,30001.99222148421,slow_15y,15,839.7838640983391,0.46218154325721184
2029,183336.71272390537,1598763.2872760945,1025.0011243195545,15375.016864793317,452920000.0,0.1935718030482792,309475.4921654276,1816213995.0634544,2.2586181640625,43342.48844756866,0.47,29988.235912669006,slow_15y,15,1636.7127239053661,0.9007775035252408
2030,184361.71384822493,1597738.286151775,1238.3702884211593,18575.55432631739,453200000.0,0.1927381677034303,307945.1497425121,1826368106.3665648,2.251290893554687,43777.86542897137,0.47,29957.868303512274,slow_15y,15,2661.7138482249284,1.464894798142513
2031,185600.0841366461,1596499.9158633538,1422.9912215316183,21344.868322974275,452960000.0,0.19149921012520024,305728.4728527809,1838635946.3179026,2.2448795318603514,44218.85058162812,0.47,29907.875560253404,slow_15y,15,3900.0841366460954,2.1464414621057193
2032,187023.0753581777,1595076.9246418222,1596.691916706807,23950.378750602104,452720000.0,0.19011091766028812,303241.5378824071,1852732722.315464,2.2392695903778073,44665.78474615915,0.47,29829.68775411597,slow_15y,15,5323.07535817771,2.9295956841924653
2033,188619.7672748845,1593480.2327251155,1760.8607191872434,26412.91078780865,452480000.0,0.1885904541866493,300515.16082707717,1868550253.6862526,2.2343608915805815,45118.98522813191,0.47,29724.34031903015,slow_15y,15,6919.767274884507,3.808347427014036
2034,190380.62799407175,1591719.3720059283,1916.7449178925638,28751.173768388457,452240000.0,0.18695363737112944,297577.7262705982,1885994113.3149645,2.2300657801330086,45578.76651897838,0.47,29593.190716694535,slow_15y,15,8680.62799407175,4.77745073972029
2035,192297.3729119643,1589802.6270880357,2065.473606054363,30982.10409081544,452000000.0,0.18521496636213286,294455.24009854096,1904982230.2781272,2.2263075576163827,46045.44169975925,0.47,29437.812531083244,slow_15y,15,10597.37291196431,5.832346126562626
2036,194362.84651801866,1587737.1534819813,2202.7025183660307,33040.53777549046,451600000.0,0.18332271419792415,291068.28440920287,1925443718.945699,2.2230191129143346,46519.32376443401,0.47,29259.91159773947,slow_15y,15,12662.846518018661,6.969095496983302
2037,196565.5490363847,1585534.4509636152,2334.8852323996175,35023.27848599426,451200000.0,0.18135945748274573,287551.6678469644,1947264657.487575,2.220141723800043,47000.72688256682,0.47,29059.257986931625,slow_15y,15,14865.549036384706,8.181369860420862
2038,198900.43426878433,1583199.5657312155,2462.8644115014467,36942.9661725217,450800000.0,0.17933568569573996,283924.17971360526,1970395056.0473952,2.2176240083250374,47489.96066790923,0.47,28838.213361600087,slow_15y,15,17200.43426878433,9.466392002633084
2039,201363.29868028578,1580736.701319714,2587.410234490239,38811.15351735358,450400000.0,0.1772608108799624,280202.66946364945,1994793272.561994,2.215421007284408,47987.338203781925,0.47,28598.990413524985,slow_15y,15,19663.298680285778,10.821848475666362
2040,203950.708914776,1578149.291085224,2709.2296350100814,40638.44452515122,450000000.0,0.1751432537770989,276402.2017866881,2020425294.6978357,2.2134933813738566,48493.17717095934,0.47,28343.64944320446,slow_15y,15,22250.708914776013,12.24584970543534
2041,206659.9385497861,1575440.061450214,2825.280566246641,42379.20849369961,449500000.0,0.17295205197178035,272475.5913863622,2047264113.3165376,2.2118067087021247,49007.80095063766,0.47,28074.09827905068,slow_15y,15,24959.938549786108,13.736895184252118
2042,209485.21911603273,1572614.7808839672,2939.9587523254645,44099.381284881965,449000000.0,0.17073588344217602,268501.7739284482,2075252583.4279518,2.210330870114359,49531.539711387515,0.47,27790.908698760617,slow_15y,15,27785.219116032735,15.29181019044179
2043,212425.1778683582,1569674.8221316417,3053.8129031467406,45807.19354720111,448500000.0,0.16850041248344316,264490.8549940569,2104377106.015656,2.2090395113500643,50064.72645368674,0.47,27496.03873098634,slow_15y,15,30725.17786835821,16.909839223092014
2044,215478.99077150496,1566621.009228495,3167.35362985619,47510.30444784285,448000000.0,0.1662506448604101,260451.75303610376,2134629517.8244848,2.2079095724313063,50607.7030419776,0.47,27191.229413093628,slow_15y,15,33778.99077150496,18.590528768026935
2045,218646.34440136116,1563453.6555986388,3281.05935343418,49215.8903015127,447500000.0,0.16399099858468766,256392.32622250114,2166006713.9375343,2.206920875877393,51160.82127036166,0.47,26878.02788876327,slow_15y,15,36946.34440136116,20.333706329863045
2046,221927.40375479535,1560172.5962452046,3395.381362962554,50930.72044443831,447000000.0,0.16172536830752499,252319.48775106316,2198510328.88625,2.206055766392719,51724.443938830584,0.47,26557.808067933303,slow_15y,15,40227.40375479535,22.13946271590277
2047,225322.7851177579,1556777.214882242,3510.748288304444,52661.22432456666,446500000.0,0.15945718377272627,248239.31044667066,2232146467.8699183,2.205298795593629,52298.94594812312,0.47,26231.78913980522,slow_15y,15,43622.785117757914,24.008137103884387
2048,228833.53340606237,1553266.4665939375,3627.5701410557203,54413.5521158358,446000000.0,0.1571894627036062,244157.12131942992,2266925482.283501,2.2046364461444257,52884.71542083991,0.47,25901.05218518956,slow_15y,15,47133.53340606237,25.94030457130565
2049,232461.10354711808,1549638.8964528819,3746.242020236429,56193.63030354644,445500000.0,0.15492485848628715,240077.5867378089,2302861785.2768984,2.2040568903763726,53482.154856307476,0.47,25566.555096739918,slow_15y,15,50761.10354711808,27.936765848716604
2050,236207.3455673545,1545892.6544326455,3867.147548974676,58007.21323462014,445000000.0,0.1526657030175993,236004.78887870253,2339973704.024425,2.203549779079326,54091.68232673583,0.47,25229.145985083404,slow_15y,15,54507.345567354496,29.99853911246808
2025,181700.0,1600400.0,0.0,0.0,451800000.0,0.19463321669582603,311491.0,1800000000.0,2.3,41650.0,0.47,30000.0,very_slow_20y,20,0.0,0.0
2026,181700.0,1600400.0,215.79760959982522,4315.952191996505,452080000.0,0.19475383931794832,311684.0444444445,1800000000.0,2.2874999999999996,42066.5,0.47,30000.0,very_slow_20y,20,0.0,0.0
2027,181915.79760959983,1600184.2023904002,417.6369153005959,8352.738306011917,452360000.0,0.19466954131653572,311507.12470130576,1802137785.8958704,2.2765625,42487.165,0.47,30003.718459495354,very_slow_20y,20,215.79760959983105,0.11876588310393288
2028,182333.43452490043,1599766.5654750997,607.9858563354225,12159.717126708449,452640000.0,0.19439460382070164,310985.98770113656,1806275080.5989034,2.2669921874999996,42912.28895128359,0.47,30004.09455448548,very_slow_20y,20,633.4345249004255,0.34861558882797183
2029,182941.42038123586,1599158.5796187643,788.4001441880085,15768.002883760171,452920000.0,0.19394211312785534,310144.19415780285,1812298055.5103161,2.2586181640625,43342.15983544046,0.47,29995.919873206272,very_slow_20y,20,1241.420381235861,0.6832253061286986
2030,183729.82052542386,1598370.1794745764,960.0807551891063,19201.615103782126,453200000.0,0.19332458460988747,309004.25099975377,1820108293.592531,2.251290893554687,43777.06205681596,0.47,29975.431100349077,very_slow_20y,20,2029.8205254238565,1.1171274218072957
2031,184689.90128061298,1597410.0987193873,1112.1661865975068,22243.323731950135,452960000.0,0.19233329898613985,307235.1541204751,1829619275.2069526,2.2448795318603514,44217.27790520761,0.47,29940.00339772594,very_slow_20y,20,2989.901280612976,1.6455152892751679
2032,185802.0674672105,1596297.93253279,1257.5409825893264,25150.81965178653,452720000.0,0.19121386998206777,305234.30532396847,1840636881.8986177,2.2392695903778073,44663.08869460184,0.47,29881.102660665478,very_slow_20y,20,4102.067467210494,2.257604549923231
2033,187059.60844979982,1595040.3915502005,1397.009807428322,27940.196148566436,452480000.0,0.18997737619142388,303021.5885060485,1853094635.1658757,2.2343608915805815,45114.76116116039,0.47,29799.473192530404,very_slow_20y,20,5359.608449799824,2.949701953659778
2034,188456.61825722814,1593643.3817427722,1531.3015487568118,30626.030975136237,452240000.0,0.18863428878668093,300615.78589464887,1866934027.8646698,2.2300657801330086,45572.5625277288,0.47,29696.051958201424,very_slow_20y,20,6756.61825722814,3.718557103592812
2035,189987.91980598494,1592112.0801940153,1661.0829529374562,33221.65905874912,452000000.0,0.187194469307221,298034.5759295344,1882103773.5320468,2.2263075576163827,46036.76136181191,0.47,29571.91132666729,very_slow_20y,20,8287.919805984944,4.561320751780373
2036,191649.0027589224,1590450.997241078,1782.9409190257852,35658.8183805157,451600000.0,0.18560141394450969,295189.95389739954,1898559190.7873433,2.2230191129143346,46507.62839717724,0.47,29428.213196912897,very_slow_20y,20,9949.002758922405,5.475510599296873
2037,193431.94367794818,1588668.0563220521,1901.512060149174,38030.24120298348,451200000.0,0.1839339661950669,292210.016566723,1916221786.5729592,2.220141723800043,46985.43733176086,0.47,29264.145233077154,very_slow_20y,20,11731.943677948177,6.456765920719976
2038,195333.45573809734,1586766.544261903,2017.3171333551568,40346.342667103134,450800000.0,0.18220002930681528,289108.9108675927,1935059000.1572657,2.2176240083250374,47470.46040360516,0.47,29081.48809188278,very_slow_20y,20,13633.455738097342,7.503277786514784
2039,197350.7728714525,1584749.2271285478,2130.8384465373397,42616.768930746795,450400000.0,0.1804069255232639,285899.73579162994,1955043429.656656,2.215421007284408,47962.97421019431,0.47,28881.90993383016,very_slow_20y,20,15650.7728714525,8.613523869814244
2040,199481.61131798985,1582618.3886820106,2242.5248570579834,44850.49714115966,450000000.0,0.1785614246726179,282594.59419614275,1976152451.1413407,2.2134933813738566,48463.2604634576,0.47,28666.97101169389,very_slow_20y,20,17781.611317989853,9.78624728563009
2041,201724.13617504784,1580375.8638249526,2350.0292636089143,47000.58527217829,449500000.0,0.17663047914265423,279142.54605288745,1998367887.259692,2.2118067087021247,48971.60674065034,0.47,28438.128222642645,very_slow_20y,20,20024.13617504784,11.020438181094017
2042,204074.16543865675,1578025.8345613438,2456.5418071191975,49130.83614238395,449000000.0,0.17466199107107921,275621.13422608573,2021648309.2437103,2.210330870114359,49488.30723629255,0.47,28195.528318567045,very_slow_20y,20,22374.165438656753,12.313794957983903
2043,206530.70724577596,1575569.2927542245,2562.4294052785904,51248.588105571805,448500000.0,0.1726611029579432,272039.5318736109,2045983891.2625022,2.2090395113500643,50013.65975206175,0.47,27940.765390473385,very_slow_20y,20,24830.707245775964,13.665771736805699
2044,209093.13665105455,1573006.863348946,2668.0383167622203,53360.76633524441,448000000.0,0.17063252699757603,268406.1360777614,2071368442.3329558,2.2079095724313063,50547.970112477065,0.47,27675.273240120936,very_slow_20y,20,27393.13665105455,15.076024574053125
2045,211761.17496781677,1570338.8250321837,2773.697473901381,55473.949478027615,447500000.0,0.16858057741844376,264728.62586652604,2097799201.662466,2.206920875877393,51091.55293558104,0.47,27400.344172744422,very_slow_20y,20,30061.17496781677,16.544400092359247
2046,214534.87244171815,1567565.1275582823,2879.7213102188325,57594.42620437665,447000000.0,0.16650920103293917,261014.016956827,2125276667.006564,2.206055766392719,51644.73241959216,0.47,27117.145028179726,very_slow_20y,20,32834.87244171815,18.0709259448091
2047,217414.59375193698,1564685.4062480635,2986.4122573220607,59728.245146441215,446500000.0,0.16442200608319946,257268.71338441252,2153804451.03735,2.205298795593629,52207.84315053778,0.47,26826.7309475294,very_slow_20y,20,35714.593751936976,19.655802835408352
2048,220401.00600925903,1561698.9939907414,3094.0630090258637,61881.260180517274,446000000.0,0.16232228940187116,253498.55606117618,2183389162.447255,2.2046364461444257,52781.23093561461,0.47,26530.057275731302,very_slow_20y,20,38701.00600925903,21.299397913736385
2049,223495.0690182849,1558604.9309817157,3202.958611364479,64059.172227289586,445500000.0,0.16021306189472326,249708.8682767945,2214040309.482184,2.2040568903763726,53365.25366697447,0.47,26227.98992090424,very_slow_20y,20,41795.06901828491,23.002239415676897
2050,226698.02762964938,1555401.9723703512,3313.3784168600223,66267.56833720044,445000000.0,0.15809707236213838,245904.49817804818,2245770224.179245,2.203549779079326,53960.28222071052,0.47,25921.314427382484,very_slow_20y,20,44998.02762964938,24.765012454402523
